fold,test_accuracy,avg_train_accuracy,avg_val_accuracy,model_path
1,65.38461538461539,89.95211382241487,84.375,models/model_fold_1.pth
2,71.53846153846153,85.48472360972362,81.12167437825335,models/model_fold_2.pth
3,69.23076923076923,85.51829268292684,81.01827516119985,models/model_fold_3.pth
4,67.6923076923077,90.41019557089443,83.70632010353754,models/model_fold_4.pth
5,61.53846153846154,85.05665204678361,81.80113111726686,models/model_fold_5.pth
