fold,test_accuracy,avg_train_accuracy,avg_val_accuracy,model_path
1,76.92307692307693,91.18499180999179,86.5176031294452,models/model_modified_fold_1.pth
2,75.76923076923077,95.18145059970513,90.52181736392265,models/model_modified_fold_2.pth
3,72.6923076923077,86.25820831602991,82.82849049707603,models/model_modified_fold_3.pth
4,75.38461538461539,86.19115259740259,75.98684210526315,models/model_modified_fold_4.pth
5,75.0,88.02188765182187,82.92061556864188,models/model_modified_fold_5.pth
